<BackupInst xmlns="http://www.microsoft.com/GroupPolicy/GPOOperations/Manifest"><GPOGuid><![CDATA[{01384250-435B-4336-B7CE-745E3AE8604F}]]></GPOGuid><GPODomain><![CDATA[test.local]]></GPODomain><GPODomainGuid><![CDATA[{bbe8a282-6b52-407c-8125-0ddfac102f64}]]></GPODomainGuid><GPODomainController><![CDATA[dc.test.local]]></GPODomainController><BackupTime><![CDATA[2022-02-17T17:18:10]]></BackupTime><ID><![CDATA[{65473870-9BC8-4A6F-92DE-AC12E4D84CFF}]]></ID><Comment><![CDATA[]]></Comment><GPODisplayName><![CDATA[CIS_WS2K19-MS-DC-USER-L1]]></GPODisplayName></BackupInst>
