<BackupInst xmlns="http://www.microsoft.com/GroupPolicy/GPOOperations/Manifest"><GPOGuid><![CDATA[{46AEEB53-9001-4E5D-A085-A253E15887CE}]]></GPOGuid><GPODomain><![CDATA[test.local]]></GPODomain><GPODomainGuid><![CDATA[{bbe8a282-6b52-407c-8125-0ddfac102f64}]]></GPODomainGuid><GPODomainController><![CDATA[dc.test.local]]></GPODomainController><BackupTime><![CDATA[2022-02-17T17:18:11]]></BackupTime><ID><![CDATA[{DC55B753-4290-477C-A43B-FCA1E35762AA}]]></ID><Comment><![CDATA[]]></Comment><GPODisplayName><![CDATA[CIS_WS2K19-MS-ONLY-L1]]></GPODisplayName></BackupInst>
