<BackupInst xmlns="http://www.microsoft.com/GroupPolicy/GPOOperations/Manifest"><GPOGuid><![CDATA[{D4E9A167-950F-4715-A156-254689F18D82}]]></GPOGuid><GPODomain><![CDATA[test.local]]></GPODomain><GPODomainGuid><![CDATA[{bbe8a282-6b52-407c-8125-0ddfac102f64}]]></GPODomainGuid><GPODomainController><![CDATA[dc.test.local]]></GPODomainController><BackupTime><![CDATA[2022-02-17T17:18:09]]></BackupTime><ID><![CDATA[{D539E332-0A51-4F79-88EC-CB97FA56B808}]]></ID><Comment><![CDATA[]]></Comment><GPODisplayName><![CDATA[CIS_WS2K19-MS-DC-L2]]></GPODisplayName></BackupInst>
