<BackupInst xmlns="http://www.microsoft.com/GroupPolicy/GPOOperations/Manifest"><GPOGuid><![CDATA[{B94FCB90-0FC4-4B72-8533-59D31C99C054}]]></GPOGuid><GPODomain><![CDATA[test.local]]></GPODomain><GPODomainGuid><![CDATA[{bbe8a282-6b52-407c-8125-0ddfac102f64}]]></GPODomainGuid><GPODomainController><![CDATA[dc.test.local]]></GPODomainController><BackupTime><![CDATA[2022-02-17T17:18:06]]></BackupTime><ID><![CDATA[{652D04AB-7E50-472D-A579-92C6B993FD6F}]]></ID><Comment><![CDATA[]]></Comment><GPODisplayName><![CDATA[CIS_WS2K19-DC-ONLY-NG]]></GPODisplayName></BackupInst>
