Machine Name,Policy Target,Subcategory,Subcategory GUID,Inclusion Setting,Exclusion Setting,Setting Value
,System,Audit Kerberos Authentication Service,{0cce9242-69ae-11d9-bed3-505054503030},Success and Failure,,3
,System,Audit Kerberos Service Ticket Operations,{0cce9240-69ae-11d9-bed3-505054503030},Success and Failure,,3
,System,Audit Computer Account Management,{0cce9236-69ae-11d9-bed3-505054503030},Success,,1
,System,Audit Distribution Group Management,{0cce9238-69ae-11d9-bed3-505054503030},Success,,1
,System,Audit Other Account Management Events,{0cce923a-69ae-11d9-bed3-505054503030},Success,,1
,System,Audit Directory Service Access,{0cce923b-69ae-11d9-bed3-505054503030},Failure,,2
,System,Audit Directory Service Changes,{0cce923c-69ae-11d9-bed3-505054503030},Success,,1
