<BackupInst xmlns="http://www.microsoft.com/GroupPolicy/GPOOperations/Manifest"><GPOGuid><![CDATA[{503F26CC-2B87-4BF7-B0D2-8B9F55ABF6DA}]]></GPOGuid><GPODomain><![CDATA[test.local]]></GPODomain><GPODomainGuid><![CDATA[{bbe8a282-6b52-407c-8125-0ddfac102f64}]]></GPODomainGuid><GPODomainController><![CDATA[dc.test.local]]></GPODomainController><BackupTime><![CDATA[2022-02-17T17:18:05]]></BackupTime><ID><![CDATA[{8306A810-9C7A-4253-9D82-F8B3658FE7D5}]]></ID><Comment><![CDATA[]]></Comment><GPODisplayName><![CDATA[CIS_WS2K19-DC-ONLY-L2]]></GPODisplayName></BackupInst>
