<BackupInst xmlns="http://www.microsoft.com/GroupPolicy/GPOOperations/Manifest"><GPOGuid><![CDATA[{31B2F340-016D-11D2-945F-00C04FB984F9}]]></GPOGuid><GPODomain><![CDATA[test.local]]></GPODomain><GPODomainGuid><![CDATA[{bbe8a282-6b52-407c-8125-0ddfac102f64}]]></GPODomainGuid><GPODomainController><![CDATA[dc.test.local]]></GPODomainController><BackupTime><![CDATA[2022-02-17T17:18:13]]></BackupTime><ID><![CDATA[{3F385077-1F27-41AA-95EA-9A65A6F275E0}]]></ID><Comment><![CDATA[]]></Comment><GPODisplayName><![CDATA[Default Domain Policy]]></GPODisplayName></BackupInst>
