<Backups xmlns="http://www.microsoft.com/GroupPolicy/GPOOperations/Manifest" xmlns:mfst="http://www.microsoft.com/GroupPolicy/GPOOperations/Manifest" mfst:version="1.0"><BackupInst><GPOGuid><![CDATA[{31B2F340-016D-11D2-945F-00C04FB984F9}]]></GPOGuid><GPODomain><![CDATA[test.local]]></GPODomain><GPODomainGuid><![CDATA[{bbe8a282-6b52-407c-8125-0ddfac102f64}]]></GPODomainGuid><GPODomainController><![CDATA[dc.test.local]]></GPODomainController><BackupTime><![CDATA[2022-02-17T17:18:13]]></BackupTime><ID><![CDATA[{3F385077-1F27-41AA-95EA-9A65A6F275E0}]]></ID><Comment><![CDATA[]]></Comment><GPODisplayName><![CDATA[Default Domain Policy]]></GPODisplayName></BackupInst><BackupInst><GPOGuid><![CDATA[{6AC1786C-016F-11D2-945F-00C04fB984F9}]]></GPOGuid><GPODomain><![CDATA[test.local]]></GPODomain><GPODomainGuid><![CDATA[{bbe8a282-6b52-407c-8125-0ddfac102f64}]]></GPODomainGuid><GPODomainController><![CDATA[dc.test.local]]></GPODomainController><BackupTime><![CDATA[2022-02-17T17:18:13]]></BackupTime><ID><![CDATA[{6CC62D5F-0B40-4699-99B2-56B33FF7622E}]]></ID><Comment><![CDATA[]]></Comment><GPODisplayName><![CDATA[Default Domain Controllers Policy]]></GPODisplayName></BackupInst><BackupInst><GPOGuid><![CDATA[{DA3246B0-862B-4D35-8803-5376B1EC5D7E}]]></GPOGuid><GPODomain><![CDATA[test.local]]></GPODomain><GPODomainGuid><![CDATA[{bbe8a282-6b52-407c-8125-0ddfac102f64}]]></GPODomainGuid><GPODomainController><![CDATA[dc.test.local]]></GPODomainController><BackupTime><![CDATA[2022-02-17T17:18:12]]></BackupTime><ID><![CDATA[{D384E604-1CD9-4807-9ED8-054BDEEFBE80}]]></ID><Comment><![CDATA[]]></Comment><GPODisplayName><![CDATA[CIS_WS2K19-MS-ONLY-NG]]></GPODisplayName></BackupInst><BackupInst><GPOGuid><![CDATA[{EADBB513-FE34-4CA7-83EA-35F61EBE14EE}]]></GPOGuid><GPODomain><![CDATA[test.local]]></GPODomain><GPODomainGuid><![CDATA[{bbe8a282-6b52-407c-8125-0ddfac102f64}]]></GPODomainGuid><GPODomainController><![CDATA[dc.test.local]]></GPODomainController><BackupTime><![CDATA[2022-02-17T17:18:12]]></BackupTime><ID><![CDATA[{9D94BD12-9D36-4E6B-8ED9-325DCFDB86F2}]]></ID><Comment><![CDATA[]]></Comment><GPODisplayName><![CDATA[CIS_WS2K19-MS-ONLY-L2]]></GPODisplayName></BackupInst><BackupInst><GPOGuid><![CDATA[{46AEEB53-9001-4E5D-A085-A253E15887CE}]]></GPOGuid><GPODomain><![CDATA[test.local]]></GPODomain><GPODomainGuid><![CDATA[{bbe8a282-6b52-407c-8125-0ddfac102f64}]]></GPODomainGuid><GPODomainController><![CDATA[dc.test.local]]></GPODomainController><BackupTime><![CDATA[2022-02-17T17:18:11]]></BackupTime><ID><![CDATA[{DC55B753-4290-477C-A43B-FCA1E35762AA}]]></ID><Comment><![CDATA[]]></Comment><GPODisplayName><![CDATA[CIS_WS2K19-MS-ONLY-L1]]></GPODisplayName></BackupInst><BackupInst><GPOGuid><![CDATA[{F90B29D6-C618-4995-951F-0B0AC4099F9E}]]></GPOGuid><GPODomain><![CDATA[test.local]]></GPODomain><GPODomainGuid><![CDATA[{bbe8a282-6b52-407c-8125-0ddfac102f64}]]></GPODomainGuid><GPODomainController><![CDATA[dc.test.local]]></GPODomainController><BackupTime><![CDATA[2022-02-17T17:18:11]]></BackupTime><ID><![CDATA[{A8508DAD-380D-4A9A-8055-B72BC9B1C0F9}]]></ID><Comment><![CDATA[]]></Comment><GPODisplayName><![CDATA[CIS_WS2K19-MS-DC-USER-L2]]></GPODisplayName></BackupInst><BackupInst><GPOGuid><![CDATA[{01384250-435B-4336-B7CE-745E3AE8604F}]]></GPOGuid><GPODomain><![CDATA[test.local]]></GPODomain><GPODomainGuid><![CDATA[{bbe8a282-6b52-407c-8125-0ddfac102f64}]]></GPODomainGuid><GPODomainController><![CDATA[dc.test.local]]></GPODomainController><BackupTime><![CDATA[2022-02-17T17:18:10]]></BackupTime><ID><![CDATA[{65473870-9BC8-4A6F-92DE-AC12E4D84CFF}]]></ID><Comment><![CDATA[]]></Comment><GPODisplayName><![CDATA[CIS_WS2K19-MS-DC-USER-L1]]></GPODisplayName></BackupInst><BackupInst><GPOGuid><![CDATA[{D4E9A167-950F-4715-A156-254689F18D82}]]></GPOGuid><GPODomain><![CDATA[test.local]]></GPODomain><GPODomainGuid><![CDATA[{bbe8a282-6b52-407c-8125-0ddfac102f64}]]></GPODomainGuid><GPODomainController><![CDATA[dc.test.local]]></GPODomainController><BackupTime><![CDATA[2022-02-17T17:18:09]]></BackupTime><ID><![CDATA[{D539E332-0A51-4F79-88EC-CB97FA56B808}]]></ID><Comment><![CDATA[]]></Comment><GPODisplayName><![CDATA[CIS_WS2K19-MS-DC-L2]]></GPODisplayName></BackupInst><BackupInst><GPOGuid><![CDATA[{F6F1DEEE-B4FF-49AA-9FD3-095E1D9610FE}]]></GPOGuid><GPODomain><![CDATA[test.local]]></GPODomain><GPODomainGuid><![CDATA[{bbe8a282-6b52-407c-8125-0ddfac102f64}]]></GPODomainGuid><GPODomainController><![CDATA[dc.test.local]]></GPODomainController><BackupTime><![CDATA[2022-02-17T17:18:08]]></BackupTime><ID><![CDATA[{95D21CBC-29F4-4652-83FE-6C0AAD13210A}]]></ID><Comment><![CDATA[]]></Comment><GPODisplayName><![CDATA[CIS_WS2K19-MS-DC-L1]]></GPODisplayName></BackupInst><BackupInst><GPOGuid><![CDATA[{B94FCB90-0FC4-4B72-8533-59D31C99C054}]]></GPOGuid><GPODomain><![CDATA[test.local]]></GPODomain><GPODomainGuid><![CDATA[{bbe8a282-6b52-407c-8125-0ddfac102f64}]]></GPODomainGuid><GPODomainController><![CDATA[dc.test.local]]></GPODomainController><BackupTime><![CDATA[2022-02-17T17:18:06]]></BackupTime><ID><![CDATA[{652D04AB-7E50-472D-A579-92C6B993FD6F}]]></ID><Comment><![CDATA[]]></Comment><GPODisplayName><![CDATA[CIS_WS2K19-DC-ONLY-NG]]></GPODisplayName></BackupInst><BackupInst><GPOGuid><![CDATA[{503F26CC-2B87-4BF7-B0D2-8B9F55ABF6DA}]]></GPOGuid><GPODomain><![CDATA[test.local]]></GPODomain><GPODomainGuid><![CDATA[{bbe8a282-6b52-407c-8125-0ddfac102f64}]]></GPODomainGuid><GPODomainController><![CDATA[dc.test.local]]></GPODomainController><BackupTime><![CDATA[2022-02-17T17:18:05]]></BackupTime><ID><![CDATA[{8306A810-9C7A-4253-9D82-F8B3658FE7D5}]]></ID><Comment><![CDATA[]]></Comment><GPODisplayName><![CDATA[CIS_WS2K19-DC-ONLY-L2]]></GPODisplayName></BackupInst><BackupInst><GPOGuid><![CDATA[{4C8E4193-918F-4197-BA10-6F2017031D6E}]]></GPOGuid><GPODomain><![CDATA[test.local]]></GPODomain><GPODomainGuid><![CDATA[{bbe8a282-6b52-407c-8125-0ddfac102f64}]]></GPODomainGuid><GPODomainController><![CDATA[dc.test.local]]></GPODomainController><BackupTime><![CDATA[2022-02-17T17:17:55]]></BackupTime><ID><![CDATA[{26AEBDF4-A255-401F-996F-873A6117E8EE}]]></ID><Comment><![CDATA[]]></Comment><GPODisplayName><![CDATA[CIS_WS2K19-DC-ONLY-L1]]></GPODisplayName></BackupInst></Backups>